legId,searchDate,flightDate,startingAirport,destinationAirport,fareBasisCode,travelDuration,elapsedDays,isBasicEconomy,isRefundable,isNonStop,baseFare,totalFare,seatsRemaining,totalTravelDistance,segmentsDepartureTimeEpochSeconds,segmentsDepartureTimeRaw,segmentsArrivalTimeEpochSeconds,segmentsArrivalTimeRaw,segmentsArrivalAirportCode,segmentsDepartureAirportCode,segmentsAirlineName,segmentsAirlineCode,segmentsEquipmentDescription,segmentsDurationInSeconds,segmentsDistance,segmentsCabinCode
006241d254924f87051f37bc1ca2cb52,4/16/2022,4/17/2022,ATL,EWR,KA0NX0MQ,PT2H4M,1,FALSE,FALSE,TRUE,175.81,203.6,7,762,1650250500,2022-04-17T22:55:00.000-04:00,1650257940,2022-04-18T00:59:00.000-04:00,EWR,ATL,Delta,DL,Airbus A320,7440,762,coach
89fa8727391c724dc3ef1ad359abd40c,4/16/2022,4/17/2022,ATL,EWR,KA0NX0MQ,PT2H5M,0,FALSE,FALSE,TRUE,175.81,203.6,5,762,1650214740,2022-04-17T12:59:00.000-04:00,1650222240,2022-04-17T15:04:00.000-04:00,EWR,ATL,Delta,DL,Airbus A320,7500,762,coach
3064c2c1fad6007662bb2f6c2cd9606e,4/16/2022,4/17/2022,ATL,EWR,KA0NX0MQ,PT2H7M,0,FALSE,FALSE,TRUE,175.81,203.6,9,762,1650243240,2022-04-17T20:54:00.000-04:00,1650250860,2022-04-17T23:01:00.000-04:00,EWR,ATL,Delta,DL,Boeing 737-800,7620,762,coach
34a9876d0d72a824175882706c19c9e9,4/16/2022,4/17/2022,ATL,EWR,KA0NX0MQ,PT2H9M,0,FALSE,FALSE,TRUE,175.81,203.6,5,762,1650226800,2022-04-17T16:20:00.000-04:00,1650234540,2022-04-17T18:29:00.000-04:00,EWR,ATL,Delta,DL,Airbus A320,7740,762,coach
1b7bd5333eb7342be91503e9980a26d6,4/16/2022,4/17/2022,ATL,EWR,KA0NX0MQ,PT2H11M,0,FALSE,FALSE,TRUE,175.81,203.6,6,762,1650220680,2022-04-17T14:38:00.000-04:00,1650228540,2022-04-17T16:49:00.000-04:00,EWR,ATL,Delta,DL,Airbus A320,7860,762,coach
9cf3437467baef97dabfee09b53aeb7c,4/16/2022,4/17/2022,ATL,EWR,WAA0AHBN,PT2H19M,0,TRUE,FALSE,TRUE,175.81,203.6,9,762,1650244980,2022-04-17T21:23:00.000-04:00,1650253320,2022-04-17T23:42:00.000-04:00,EWR,ATL,United,UA,Airbus A319,8340,762,coach
19f384ebb4b1d2589b95ad23c83f215d,4/16/2022,4/17/2022,ATL,EWR,WAA0AHBN,PT2H28M,0,TRUE,FALSE,TRUE,175.81,203.6,9,762,1650239520,2022-04-17T19:52:00.000-04:00,1650248400,2022-04-17T22:20:00.000-04:00,EWR,ATL,United,UA,Embraer 170,8880,762,coach
7d33b8fe19b4e77dcf734064ea53d071,4/16/2022,4/17/2022,ATL,EWR,G0AJZSN1,PT5H53M,0,FALSE,FALSE,FALSE,171.16,206.1,2,773,1650193200||1650208200,2022-04-17T07:00:00.000-04:00||2022-04-17T11:10:00.000-04:00,1650198060||1650214380,2022-04-17T08:21:00.000-04:00||2022-04-17T12:53:00.000-04:00,CLT||EWR,ATL||CLT,American Airlines||American Airlines,AA||AA,Airbus A319||Boeing 737-800,4860||6180,228||545,coach||coach
008e2e014fa6ae601102c6a15d34c398,4/16/2022,4/17/2022,ATL,EWR,G0AJZSN1,PT5H43M,0,FALSE,FALSE,FALSE,171.16,207.6,1,1320,1650232800||1650245760,2022-04-17T18:00:00.000-04:00||2022-04-17T20:36:00.000-05:00,1650240660||1650253380,2022-04-17T19:11:00.000-05:00||2022-04-17T23:43:00.000-04:00,ORD||EWR,ATL||ORD,American Airlines||American Airlines,AA||AA,Embraer 175||Boeing 737-800,7860||7620,600||720,coach||coach
d3128a5634d0144c94b0d3331fa5e004,4/16/2022,4/17/2022,ATL,EWR,G0AJZSN1,PT6H21M,0,FALSE,FALSE,FALSE,171.16,207.6,1,1320,1650220740||1650236340,2022-04-17T14:39:00.000-04:00||2022-04-17T17:59:00.000-05:00,1650228840||1650243600,2022-04-17T15:54:00.000-05:00||2022-04-17T21:00:00.000-04:00,ORD||EWR,ATL||ORD,American Airlines||American Airlines,AA||AA,Embraer 175||Boeing 737-800,8100||7260,600||720,coach||coach
c86d35f9c18f519dd86e9b901e495af7,4/16/2022,4/17/2022,ATL,EWR,G0AJZSN1,PT7H40M,0,FALSE,FALSE,FALSE,171.16,207.6,7,2105,1650219600||1650235020,2022-04-17T14:20:00.000-04:00||2022-04-17T17:37:00.000-05:00,1650228660||1650247200,2022-04-17T15:51:00.000-05:00||2022-04-17T22:00:00.000-04:00,DFW||EWR,ATL||DFW,American Airlines||American Airlines,AA||AA,Airbus A321||Boeing 737-800,9060||12180,725||1380,coach||coach
29d25956ad14daccf128c00eb2195798,4/16/2022,4/17/2022,ATL,EWR,G0AJZSN1,PT8H36M,0,FALSE,FALSE,FALSE,171.16,207.6,7,2105,1650189900||1650208560,2022-04-17T06:05:00.000-04:00||2022-04-17T10:16:00.000-05:00,1650198480||1650220860,2022-04-17T07:28:00.000-05:00||2022-04-17T14:41:00.000-04:00,DFW||EWR,ATL||DFW,American Airlines||American Airlines,AA||AA,Airbus A321||Airbus A321,8580||12300,725||1380,coach||coach
cdb3ad6a0c5322c4d59e2a9ee054009e,4/16/2022,4/17/2022,ATL,EWR,G0AJZSN1,PT9H8M,0,FALSE,FALSE,FALSE,171.16,207.6,7,2105,1650219600||1650240180,2022-04-17T14:20:00.000-04:00||2022-04-17T19:03:00.000-05:00,1650228660||1650252480,2022-04-17T15:51:00.000-05:00||2022-04-17T23:28:00.000-04:00,DFW||EWR,ATL||DFW,American Airlines||American Airlines,AA||AA,Airbus A321||Airbus A321,9060||12300,725||1380,coach||coach
5597a000c9020f50e2efaf2cfa2b4727,4/16/2022,4/17/2022,ATL,EWR,G0AJZSN1,PT9H29M,0,FALSE,FALSE,FALSE,171.16,207.6,7,2105,1650213060||1650235020,2022-04-17T12:31:00.000-04:00||2022-04-17T17:37:00.000-05:00,1650222000||1650247200,2022-04-17T14:00:00.000-05:00||2022-04-17T22:00:00.000-04:00,DFW||EWR,ATL||DFW,American Airlines||American Airlines,AA||AA,Airbus A321||Boeing 737-800,8940||12180,725||1380,coach||coach
c357349d30bee266c05268d425782aca,4/16/2022,4/17/2022,ATL,EWR,WAA0AHBN,PT6H2M,0,TRUE,FALSE,FALSE,175.81,212.6,6,1320,1650190200||1650204180,2022-04-17T06:10:00.000-04:00||2022-04-17T09:03:00.000-05:00,1650198000||1650211920,2022-04-17T07:20:00.000-05:00||2022-04-17T12:12:00.000-04:00,ORD||EWR,ATL||ORD,United||United,UA||UA,Embraer 175 (Enhanced Winglets)||Airbus A319,7800||7740,600||720,coach||coach
e5b348ec4c2ded761c1861d3081ba542,4/16/2022,4/17/2022,ATL,EWR,KC0QBEY5,PT2H9M,0,FALSE,FALSE,TRUE,199.07,228.6,7,762,1650195000,2022-04-17T07:30:00.000-04:00,1650202740,2022-04-17T09:39:00.000-04:00,EWR,ATL,American Airlines,AA,Embraer 190,7740,762,coach
54ab610c7ef547e39550f44ad31a668c,4/16/2022,4/17/2022,ATL,EWR,QAA0JHES,PT2H18M,0,FALSE,FALSE,TRUE,222.33,253.61,1,762,1650209100,2022-04-17T11:25:00.000-04:00,1650217380,2022-04-17T13:43:00.000-04:00,EWR,ATL,United,UA,Embraer 175 (Enhanced Winglets),8280,762,coach
b27b8271901130f0df9b0f892b5da4bc,4/16/2022,4/17/2022,ATL,EWR,QAA0JHES,PT2H19M,0,FALSE,FALSE,TRUE,222.33,253.61,1,762,1650217680,2022-04-17T13:48:00.000-04:00,1650226020,2022-04-17T16:07:00.000-04:00,EWR,ATL,United,UA,Embraer 170,8340,762,coach
6282a1ee4ec3dd115623178417c7d26c,4/16/2022,4/17/2022,ATL,EWR,QAA0JHES,PT2H23M,0,FALSE,FALSE,TRUE,222.33,253.61,2,762,1650231840,2022-04-17T17:44:00.000-04:00,1650240420,2022-04-17T20:07:00.000-04:00,EWR,ATL,United,UA,Boeing 737-700,8580,762,coach
c0196d6b85256031ecb1a1f02149a3df,4/16/2022,4/17/2022,ATL,EWR,QAA0JHES,PT2H35M,0,FALSE,FALSE,TRUE,222.33,253.61,1,762,1650222480,2022-04-17T15:08:00.000-04:00,1650231780,2022-04-17T17:43:00.000-04:00,EWR,ATL,United,UA,Embraer 170,9300,762,coach
2cf92d63d889eaabae293874c52fc7c6,4/16/2022,4/17/2022,ATL,EWR,QAA0JHES,PT4H34M,0,FALSE,FALSE,FALSE,222.33,262.61,1,762,1650187800||1650199500,2022-04-17T05:30:00.000-04:00||2022-04-17T08:45:00.000-04:00,1650194280||1650204240,2022-04-17T07:18:00.000-04:00||2022-04-17T10:04:00.000-04:00,IAD||EWR,ATL||IAD,United||United,UA||UA,Airbus A319||Boeing 767-300,6480||4740,541||221,coach||coach
d81818f55a51b6e9c9924195e637aef1,4/16/2022,4/17/2022,ATL,EWR,QA0OX0MC,PT2H5M,0,FALSE,FALSE,TRUE,245.58,278.6,5,762,1650207900,2022-04-17T11:05:00.000-04:00,1650215400,2022-04-17T13:10:00.000-04:00,EWR,ATL,Delta,DL,Boeing 737-800,7500,762,coach
cfea9da52b84b17350560c1a0388de82,4/16/2022,4/17/2022,ATL,EWR,QA0OX0MC,PT2H6M,0,FALSE,FALSE,TRUE,245.58,278.6,9,762,1650235620,2022-04-17T18:47:00.000-04:00,1650243180,2022-04-17T20:53:00.000-04:00,EWR,ATL,Delta,DL,Boeing 737-800,7560,762,coach
c78f6de50bb7a2bddacf56b17755ad5d,4/16/2022,4/17/2022,ATL,EWR,L0AHZNN1,PT3H56M,0,FALSE,FALSE,FALSE,264.19,306.1,1,773,1650226680||1650234120,2022-04-17T16:18:00.000-04:00||2022-04-17T18:22:00.000-04:00,1650230760||1650240840,2022-04-17T17:26:00.000-04:00||2022-04-17T20:14:00.000-04:00,CLT||EWR,ATL||CLT,American Airlines||American Airlines,AA||AA,Airbus A319||Boeing 737-800,4080||6720,228||545,coach||coach
900caf7c0c99b517e5b743d7d60618e0,4/16/2022,4/17/2022,ATL,EWR,L0AHZNN1,PT3H58M,0,FALSE,FALSE,FALSE,264.19,306.1,1,773,1650233700||1650241620,2022-04-17T18:15:00.000-04:00||2022-04-17T20:27:00.000-04:00,1650238620||1650247980,2022-04-17T19:37:00.000-04:00||2022-04-17T22:13:00.000-04:00,CLT||EWR,ATL||CLT,American Airlines||American Airlines,AA||AA,Canadian Regional Jet 700||Airbus A321,4920||6360,228||545,coach||coach
6629ce9dda07ced6d1f6cb49b2df6b5b,4/16/2022,4/17/2022,ATL,EWR,L0AHZNN1,PT5H31M,0,FALSE,FALSE,FALSE,264.19,306.1,1,773,1650207720||1650221280,2022-04-17T11:02:00.000-04:00||2022-04-17T14:48:00.000-04:00,1650212880||1650227580,2022-04-17T12:28:00.000-04:00||2022-04-17T16:33:00.000-04:00,CLT||EWR,ATL||CLT,American Airlines||American Airlines,AA||AA,Canadair Regional Jet 900||Airbus A321,5160||6300,228||545,coach||coach
380331857ea93adce93987fbc5f8a691,4/16/2022,4/17/2022,ATL,EWR,YNR,PT9H23M,0,FALSE,FALSE,FALSE,264,371.58,0,,1650218040||1650241200,2022-04-17T13:54:00.000-04:00||2022-04-17T20:20:00.000-04:00,1650224700||1650251820,2022-04-17T15:45:00.000-04:00||2022-04-17T23:17:00.000-04:00,FLL||EWR,ATL||FLL,Spirit Airlines||Spirit Airlines,NK||NK,||AIRBUS INDUSTRIE A321 SHARKLETS,6660||10620,None||None,coach||coach
2e054a13a309053b63c0e238d757d658,4/16/2022,4/17/2022,ATL,IAD,HAA0OKEN,PT1H48M,0,FALSE,FALSE,TRUE,226.98,258.6,1,541,1650187800,2022-04-17T05:30:00.000-04:00,1650194280,2022-04-17T07:18:00.000-04:00,IAD,ATL,United,UA,Airbus A319,6480,541,coach
33a0ccfee1cfacad68cffff735db6727,4/16/2022,4/17/2022,ATL,IAD,UA0NX0MC,PT11H29M,1,FALSE,FALSE,FALSE,304.18,360.69,1,1078,1650252000||1650278700||1650288600,2022-04-17T23:20:00.000-04:00||2022-04-18T06:45:00.000-04:00||2022-04-18T09:30:00.000-04:00,1650257760||1650284280||1650293340,2022-04-18T00:56:00.000-04:00||2022-04-18T08:18:00.000-04:00||2022-04-18T10:49:00.000-04:00,PIT||JFK||IAD,ATL||PIT||JFK,Delta||Delta||Delta,DL||DL||DL,Airbus A321||Embraer 175||Embraer 175,5760||5580||4740,528||329||221,coach||coach||coach
5cfc831f1186378b62f262e7b2c92a54,4/16/2022,4/17/2022,ATL,IAD,EAA0OKEN,PT1H51M,0,FALSE,FALSE,TRUE,338.6,378.6,1,541,1650216240,2022-04-17T13:24:00.000-04:00,1650222900,2022-04-17T15:15:00.000-04:00,IAD,ATL,United,UA,Embraer 175 (Enhanced Winglets),6660,541,coach
2a83fbd921397c366f4b893b48573a3a,4/16/2022,4/17/2022,ATL,IAD,EAA0OKEN,PT1H51M,0,FALSE,FALSE,TRUE,338.6,378.6,1,541,1650202200,2022-04-17T09:30:00.000-04:00,1650208860,2022-04-17T11:21:00.000-04:00,IAD,ATL,United,UA,Embraer 175 (Enhanced Winglets),6660,541,coach
f43f99f64c0da3bf3afb3fea863467ad,4/16/2022,4/17/2022,ATL,IAD,KA0NX0MQ,PT6H56M,0,FALSE,FALSE,FALSE,389.76,442.59,3,983,1650201180||1650221400,2022-04-17T09:13:00.000-04:00||2022-04-17T14:50:00.000-04:00,1650208440||1650226140,2022-04-17T11:14:00.000-04:00||2022-04-17T16:09:00.000-04:00,EWR||IAD,ATL||EWR,Delta||United,DL||UA,Airbus A320||Boeing 737-800,7260||4740,762||221,coach||coach
ac78d8afdd38e117637d0e1f07dd31e5,4/16/2022,4/17/2022,ATL,IAD,KA0NX0MQ,PT8H44M,0,FALSE,FALSE,FALSE,389.76,448.19,3,983,1650194700||1650221400,2022-04-17T07:25:00.000-04:00||2022-04-17T14:50:00.000-04:00,1650201660||1650226140,2022-04-17T09:21:00.000-04:00||2022-04-17T16:09:00.000-04:00,EWR||IAD,ATL||EWR,Delta||United,DL||UA,Airbus A319||Boeing 737-800,6960||4740,762||221,coach||coach
def443f6e1e04c3bbad169e3112395a2,4/16/2022,4/17/2022,ATL,IAD,MAA0OKEN,PT1H51M,0,FALSE,FALSE,TRUE,413.02,458.6,1,541,1650238140,2022-04-17T19:29:00.000-04:00,1650244800,2022-04-17T21:20:00.000-04:00,IAD,ATL,United,UA,Embraer 170,6660,541,coach
fadbf31930ddaf565487e606f792a09d,4/16/2022,4/17/2022,ATL,IAD,K0AIZNN1,PT3H4M,0,FALSE,FALSE,FALSE,413.02,466.1,1,555,1650226680||1650233100,2022-04-17T16:18:00.000-04:00||2022-04-17T18:05:00.000-04:00,1650230760||1650237720,2022-04-17T17:26:00.000-04:00||2022-04-17T19:22:00.000-04:00,CLT||IAD,ATL||CLT,American Airlines||American Airlines,AA||AA,Airbus A319||Airbus A319,4080||4620,228||327,coach||coach
a21195b1b4179a7770b57d4d7bf02520,4/16/2022,4/17/2022,ATL,IAD,K0AIZNN1,PT4H57M,0,FALSE,FALSE,FALSE,413.02,466.1,1,555,1650198000||1650210060,2022-04-17T08:20:00.000-04:00||2022-04-17T11:41:00.000-04:00,1650203400||1650215820,2022-04-17T09:50:00.000-04:00||2022-04-17T13:17:00.000-04:00,CLT||IAD,ATL||CLT,American Airlines||American Airlines,AA||AA,Airbus A320||Canadair Regional Jet 900,5400||5760,228||327,coach||coach
db9ef888e9a4c51f44d6a5a80556156a,4/16/2022,4/17/2022,ATL,IAD,K0AIZNN1,PT6H17M,0,FALSE,FALSE,FALSE,413.02,466.1,2,555,1650193200||1650210060,2022-04-17T07:00:00.000-04:00||2022-04-17T11:41:00.000-04:00,1650198060||1650215820,2022-04-17T08:21:00.000-04:00||2022-04-17T13:17:00.000-04:00,CLT||IAD,ATL||CLT,American Airlines||American Airlines,AA||AA,Airbus A319||Canadair Regional Jet 900,4860||5760,228||327,coach||coach
8e5ab0d1027672c8d360fdfea6730e10,4/16/2022,4/17/2022,ATL,IAD,KA0QA0MQ,PT8H24M,1,FALSE,FALSE,FALSE,407.44,467.2,9,855,1650251400||1650277500,2022-04-17T23:10:00.000-04:00||2022-04-18T06:25:00.000-04:00,1650257700||1650281640,2022-04-18T00:55:00.000-04:00||2022-04-18T07:34:00.000-04:00,CLE||IAD,ATL||CLE,Delta||United,DL||UA,Airbus A321||Boeing 737-800,6300||4140,556||299,coach||coach
a0636d389953bb7c77a545e1e903c1d4,4/16/2022,4/17/2022,ATL,IAD,KA0OX0MC,PT6H43M,0,FALSE,FALSE,FALSE,425.11,486.19,1,722,1650219000||1650239520,2022-04-17T14:10:00.000-04:00||2022-04-17T19:52:00.000-04:00,1650224700||1650243180,2022-04-17T15:45:00.000-04:00||2022-04-17T20:53:00.000-04:00,PIT||IAD,ATL||PIT,Delta||United,DL||UA,Airbus A320||Embraer 175 (Enhanced Winglets),5700||3660,528||194,coach||coach
d1dd5b0d62f73df50fb87f9ba92cc916,4/16/2022,4/17/2022,ATL,IAD,KA0OX0MC,PT9H54M,0,FALSE,FALSE,FALSE,425.11,486.19,1,722,1650207540||1650239520,2022-04-17T10:59:00.000-04:00||2022-04-17T19:52:00.000-04:00,1650213360||1650243180,2022-04-17T12:36:00.000-04:00||2022-04-17T20:53:00.000-04:00,PIT||IAD,ATL||PIT,Delta||United,DL||UA,Airbus A320||Embraer 175 (Enhanced Winglets),5820||3660,528||194,coach||coach
509b06f58af34d0275e22a38396bd78e,4/16/2022,4/17/2022,ATL,IAD,KA0OX0MC,PT8H50M,1,FALSE,FALSE,FALSE,426.05,487.2,2,760,1650249540||1650276900,2022-04-17T22:39:00.000-04:00||2022-04-18T06:15:00.000-04:00,1650254880||1650281340,2022-04-18T00:08:00.000-04:00||2022-04-18T07:29:00.000-04:00,CMH||IAD,ATL||CMH,Delta||United,DL||UA,Boeing 737-800||Embraer 175 (Enhanced Winglets),5340||4440,449||311,coach||coach
f824ae9b9c3dc932ff6f3ae18a300ed0,4/16/2022,4/17/2022,ATL,IAD,LA0SA0MC,PT7H56M,0,FALSE,FALSE,FALSE,430.69,492.19,4,983,1650223620||1650246600,2022-04-17T15:27:00.000-04:00||2022-04-17T21:50:00.000-04:00,1650231900||1650252180,2022-04-17T17:45:00.000-04:00||2022-04-17T23:23:00.000-04:00,JFK||IAD,ATL||JFK,Delta||Delta,DL||DL,Boeing 767||Embraer 175,8280||5580,762||221,coach||coach
3553d6aca390546c031abba5a166afa5,4/16/2022,4/17/2022,ATL,IAD,BA0OA0MQ,PT1H37M,1,FALSE,FALSE,TRUE,450.23,498.6,8,541,1650250680,2022-04-17T22:58:00.000-04:00,1650256500,2022-04-18T00:35:00.000-04:00,IAD,ATL,Delta,DL,Airbus A319,5820,541,coach
ec9e2052977b878e5752354f9b121361,4/16/2022,4/17/2022,ATL,IAD,BA0OA0MQ,PT1H38M,0,FALSE,FALSE,TRUE,450.23,498.6,5,541,1650228000,2022-04-17T16:40:00.000-04:00,1650233880,2022-04-17T18:18:00.000-04:00,IAD,ATL,Delta,DL,Airbus A320,5880,541,coach
bca662c310a237bbe2015c3b269a5668,4/16/2022,4/17/2022,ATL,IAD,H0AHZNN1,PT5H52M,0,FALSE,FALSE,FALSE,450.23,506.1,1,555,1650207720||1650223800,2022-04-17T11:02:00.000-04:00||2022-04-17T15:30:00.000-04:00,1650212880||1650228840,2022-04-17T12:28:00.000-04:00||2022-04-17T16:54:00.000-04:00,CLT||IAD,ATL||CLT,American Airlines||American Airlines,AA||AA,Canadair Regional Jet 900||Canadair Regional Jet 900,5160||5040,228||327,coach||coach
06050232cd67d8cbe12a129f88191a8f,4/16/2022,4/17/2022,ATL,IAD,QA0NA0MC,PT8H7M,1,FALSE,FALSE,FALSE,444.65,507.2,2,921,1650251400||1650275100,2022-04-17T23:10:00.000-04:00||2022-04-18T05:45:00.000-04:00,1650256980||1650280620,2022-04-18T00:43:00.000-04:00||2022-04-18T07:17:00.000-04:00,IND||IAD,ATL||IND,Delta||United,DL||UA,Boeing 737-900||Boeing 737-700,5580||5520,434||487,coach||coach
e0af997fff6ce22d9c442100f011ebf8,4/16/2022,4/17/2022,ATL,IAD,KA0OX0MC,PT8H8M,1,FALSE,FALSE,FALSE,463.25,527.19,1,722,1650252000||1650277620,2022-04-17T23:20:00.000-04:00||2022-04-18T06:27:00.000-04:00,1650257760||1650281280,2022-04-18T00:56:00.000-04:00||2022-04-18T07:28:00.000-04:00,PIT||IAD,ATL||PIT,Delta||United,DL||UA,Airbus A321||Embraer 170,5760||3660,528||194,coach||coach
7b37867b797bf9e4b7b8834d9ff4eb57,4/16/2022,4/17/2022,ATL,IAD,QA0TA0MC,PT10H38M,0,FALSE,FALSE,FALSE,505.11,572.19,3,983,1650213900||1650246600,2022-04-17T12:45:00.000-04:00||2022-04-17T21:50:00.000-04:00,1650222000||1650252180,2022-04-17T15:00:00.000-04:00||2022-04-17T23:23:00.000-04:00,JFK||IAD,ATL||JFK,Delta||Delta,DL||DL,Boeing 737-900||Embraer 175,8100||5580,762||221,coach||coach
6203bbd77fbd8e40021ee3e88ffa9edc,4/16/2022,4/17/2022,ATL,IAD,KA0NA0MC,PT12H22M,0,FALSE,FALSE,FALSE,658.55,746.14,2,1224,1650200100||1650227700||1650233040||1650238200,2022-04-17T08:55:00.000-04:00||2022-04-17T15:35:00.000-05:00||2022-04-17T17:04:00.000-05:00||2022-04-17T18:30:00.000-05:00,1650206220||1650231840||1650236280||1650244620,2022-04-17T09:37:00.000-05:00||2022-04-17T16:44:00.000-05:00||2022-04-17T17:58:00.000-05:00||2022-04-17T21:17:00.000-04:00,STL||OWB||BNA||IAD,ATL||STL||OWB||BNA,Delta||Cape Air||Cape Air||United,DL||9K||9K||UA,Airbus A320||Tecnam P2012 Traveler||Tecnam P2012 Traveler||Embraer 175 (Enhanced Winglets),6120||4140||3240||6420,485||187||116||552,coach||coach||coach||coach
98b3cc52ed022d993a6c94f586054517,4/16/2022,4/17/2022,ATL,IAD,QA0OA0MC,PT7H21M,0,FALSE,FALSE,FALSE,730.18,817.54,2,1224,1650218160||1650227700||1650233040||1650238200,2022-04-17T13:56:00.000-04:00||2022-04-17T15:35:00.000-05:00||2022-04-17T17:04:00.000-05:00||2022-04-17T18:30:00.000-05:00,1650224220||1650231840||1650236280||1650244620,2022-04-17T14:37:00.000-05:00||2022-04-17T16:44:00.000-05:00||2022-04-17T17:58:00.000-05:00||2022-04-17T21:17:00.000-04:00,STL||OWB||BNA||IAD,ATL||STL||OWB||BNA,Delta||Cape Air||Cape Air||United,DL||9K||9K||UA,Boeing 737-800||Tecnam P2012 Traveler||Tecnam P2012 Traveler||Embraer 175 (Enhanced Winglets),6060||4140||3240||6420,485||187||116||552,coach||coach||coach||coach
8201f75d221c7aa5b78f3b7781166032,4/16/2022,4/17/2022,ATL,JFK,RC0ABEL1,PT2H15M,0,FALSE,FALSE,TRUE,171.16,198.6,7,762,1650200400,2022-04-17T09:00:00.000-04:00,1650208500,2022-04-17T11:15:00.000-04:00,JFK,ATL,JetBlue Airways,B6,Airbus A320,8100,762,coach
79f11de3ed601a6aa2a4cd7cd5d6ddd4,4/16/2022,4/17/2022,ATL,JFK,LA0SA0MC,PT2H18M,0,FALSE,FALSE,TRUE,171.16,198.6,5,762,1650223620,2022-04-17T15:27:00.000-04:00,1650231900,2022-04-17T17:45:00.000-04:00,JFK,ATL,Delta,DL,Boeing 767,8280,762,coach
a63591f2b4df39d809c4a45a3898e122,4/16/2022,4/17/2022,ATL,JFK,RC0ABEL1,PT2H23M,0,FALSE,FALSE,TRUE,171.16,198.6,7,762,1650235800,2022-04-17T18:50:00.000-04:00,1650244380,2022-04-17T21:13:00.000-04:00,JFK,ATL,JetBlue Airways,B6,Embraer 190,8580,762,coach
076582f74034c2b20d122d9ef55bce9d,4/16/2022,4/17/2022,ATL,JFK,G0AJZSN1,PT6H39M,0,FALSE,FALSE,FALSE,171.16,206.1,1,773,1650198000||1650215280,2022-04-17T08:20:00.000-04:00||2022-04-17T13:08:00.000-04:00,1650203400||1650221940,2022-04-17T09:50:00.000-04:00||2022-04-17T14:59:00.000-04:00,CLT||JFK,ATL||CLT,American Airlines||American Airlines,AA||AA,Airbus A320||Boeing 737-800,5400||6660,228||545,coach||coach
fea40724083f86d3a8987f2ecc5c2f7e,4/16/2022,4/17/2022,ATL,JFK,G0AJZSN1,PT6H51M,0,FALSE,FALSE,FALSE,171.16,207.6,1,1320,1650220740||1650237180,2022-04-17T14:39:00.000-04:00||2022-04-17T18:13:00.000-05:00,1650228840||1650245400,2022-04-17T15:54:00.000-05:00||2022-04-17T21:30:00.000-04:00,ORD||JFK,ATL||ORD,American Airlines||American Airlines,AA||AA,Embraer 175||Boeing 737 MAX 8,8100||8220,600||720,coach||coach
9ffc1d46bd05f1ce6b7afd1c2725a6ca,4/16/2022,4/17/2022,ATL,JFK,MC0ABEY5,PT2H15M,0,FALSE,FALSE,TRUE,194.42,223.6,6,762,1650200400,2022-04-17T09:00:00.000-04:00,1650208500,2022-04-17T11:15:00.000-04:00,JFK,ATL,American Airlines,AA,Airbus A320,8100,762,coach
636500f478929a6ddbec454afe96064b,4/16/2022,4/17/2022,ATL,JFK,MC0ABEY5,PT2H23M,0,FALSE,FALSE,TRUE,194.42,223.6,6,762,1650235800,2022-04-17T18:50:00.000-04:00,1650244380,2022-04-17T21:13:00.000-04:00,JFK,ATL,American Airlines,AA,Embraer 190,8580,762,coach
05a3d380d3beeb248f7050165531b943,4/16/2022,4/17/2022,ATL,JFK,KA0NA0MC,PT2H17M,0,FALSE,FALSE,TRUE,227.91,259.6,7,762,1650205440,2022-04-17T10:24:00.000-04:00,1650213660,2022-04-17T12:41:00.000-04:00,JFK,ATL,Delta,DL,Airbus A321,8220,762,coach
ae04feec3a12621d611a6efc4f17792a,4/16/2022,4/17/2022,ATL,JFK,QA0TA0MC,PT2H15M,0,FALSE,FALSE,TRUE,245.58,278.6,3,762,1650213900,2022-04-17T12:45:00.000-04:00,1650222000,2022-04-17T15:00:00.000-04:00,JFK,ATL,Delta,DL,Boeing 737-900,8100,762,coach
58bf03439202c388a6be885f1fda713e,4/16/2022,4/17/2022,ATL,JFK,L0AJZSN1,PT3H42M,0,FALSE,FALSE,FALSE,264.19,306.1,1,773,1650226680||1650233220,2022-04-17T16:18:00.000-04:00||2022-04-17T18:07:00.000-04:00,1650230760||1650240000,2022-04-17T17:26:00.000-04:00||2022-04-17T20:00:00.000-04:00,CLT||JFK,ATL||CLT,American Airlines||American Airlines,AA||AA,Airbus A319||Boeing 737-800,4080||6780,228||545,coach||coach
698a69ec3a556ef23a0d9cf682df5a9c,4/16/2022,4/17/2022,ATL,JFK,L0AJZSN1,PT3H57M,0,FALSE,FALSE,FALSE,264.19,306.1,1,773,1650207720||1650215280,2022-04-17T11:02:00.000-04:00||2022-04-17T13:08:00.000-04:00,1650212880||1650221940,2022-04-17T12:28:00.000-04:00||2022-04-17T14:59:00.000-04:00,CLT||JFK,ATL||CLT,American Airlines||American Airlines,AA||AA,Canadair Regional Jet 900||Boeing 737-800,5160||6660,228||545,coach||coach
b5b633f7f0a70bc6ddbbadf459469ce0,4/16/2022,4/17/2022,ATL,JFK,L0AJZSN1,PT5H57M,0,FALSE,FALSE,FALSE,264.19,306.1,1,773,1650207720||1650222120,2022-04-17T11:02:00.000-04:00||2022-04-17T15:02:00.000-04:00,1650212880||1650229140,2022-04-17T12:28:00.000-04:00||2022-04-17T16:59:00.000-04:00,CLT||JFK,ATL||CLT,American Airlines||American Airlines,AA||AA,Canadair Regional Jet 900||Airbus A319,5160||7020,228||545,coach||coach
2fa4af768bd448f6f824c0852b7c0e87,4/16/2022,4/17/2022,ATL,JFK,HA0OA0MC,PT2H17M,0,FALSE,FALSE,TRUE,301.4,338.61,2,762,1650244740,2022-04-17T21:19:00.000-04:00,1650252960,2022-04-17T23:36:00.000-04:00,JFK,ATL,Delta,DL,Boeing 737-900,8220,762,coach
eba9c4152064973a1bb1e2b8792c689c,4/16/2022,4/17/2022,ATL,JFK,MA0TA0MC,PT2H17M,0,FALSE,FALSE,TRUE,329.3,368.6,3,762,1650195000,2022-04-17T07:30:00.000-04:00,1650203220,2022-04-17T09:47:00.000-04:00,JFK,ATL,Delta,DL,Boeing 737-900,8220,762,coach
8ef57217e8569023683b48c6db595695,4/16/2022,4/17/2022,ATL,JFK,BA0OA0MC,PT2H18M,0,FALSE,FALSE,TRUE,431.63,478.6,1,762,1650236340,2022-04-17T18:59:00.000-04:00,1650244620,2022-04-17T21:17:00.000-04:00,JFK,ATL,Delta,DL,Boeing 737-900,8280,762,coach
7929d117b8c2e3816578ee099272b27e,4/16/2022,4/17/2022,ATL,JFK,HAA0OKEN,PT7H53M,0,FALSE,FALSE,FALSE,486.51,552.2,2,762,1650187800||1650211140,2022-04-17T05:30:00.000-04:00||2022-04-17T11:59:00.000-04:00,1650194280||1650216180,2022-04-17T07:18:00.000-04:00||2022-04-17T13:23:00.000-04:00,IAD||JFK,ATL||IAD,United||Delta,UA||DL,Airbus A319||Embraer 175,6480||5040,541||221,coach||coach
7ec3e9680b1f63fc38de82d1aed79f17,4/16/2022,4/17/2022,ATL,JFK,QAA0OKEN,PT9H,0,FALSE,FALSE,FALSE,510.7,577.1,4,1132,1650187800||1650199020||1650214500,2022-04-17T05:30:00.000-04:00||2022-04-17T08:37:00.000-04:00||2022-04-17T12:55:00.000-04:00,1650194280||1650204960||1650220200,2022-04-17T07:18:00.000-04:00||2022-04-17T10:16:00.000-04:00||2022-04-17T14:30:00.000-04:00,IAD||BOS||JFK,ATL||IAD||BOS,United||United||Delta,UA||UA||DL,Airbus A319||Boeing 737-800||Embraer 175,6480||5940||5700,541||406||185,coach||coach||coach
1356ba286f78365ec4d703e2f365e248,4/16/2022,4/17/2022,ATL,JFK,QAA0OKEN,PT13H15M,0,FALSE,FALSE,FALSE,510.7,582.7,4,1132,1650187800||1650199020||1650230340,2022-04-17T05:30:00.000-04:00||2022-04-17T08:37:00.000-04:00||2022-04-17T17:19:00.000-04:00,1650194280||1650204960||1650235500,2022-04-17T07:18:00.000-04:00||2022-04-17T10:16:00.000-04:00||2022-04-17T18:45:00.000-04:00,IAD||BOS||JFK,ATL||IAD||BOS,United||United||Delta,UA||UA||DL,Airbus A319||Boeing 737-800||Airbus A220-100,6480||5940||5160,541||406||185,coach||coach||coach
4d333a46a21a1b9f8d187c78dc686d1e,4/16/2022,4/17/2022,ATL,JFK,LA0NX0MC,PT8H33M,1,FALSE,FALSE,FALSE,532.09,601.2,9,967,1650251400||1650276000,2022-04-17T23:10:00.000-04:00||2022-04-18T06:00:00.000-04:00,1650257700||1650282180,2022-04-18T00:55:00.000-04:00||2022-04-18T07:43:00.000-04:00,CLE||JFK,ATL||CLE,Delta||Delta,DL||DL,Airbus A321||Canadair Regional Jet 900,6300||6180,556||411,coach||coach
30a40a08229eb32eca7d881602e69eda,4/16/2022,4/17/2022,ATL,JFK,UA0NX0MC,PT8H58M,1,FALSE,FALSE,FALSE,532.09,601.2,2,857,1650252000||1650278700,2022-04-17T23:20:00.000-04:00||2022-04-18T06:45:00.000-04:00,1650257760||1650284280,2022-04-18T00:56:00.000-04:00||2022-04-18T08:18:00.000-04:00,PIT||JFK,ATL||PIT,Delta||Delta,DL||DL,Airbus A321||Embraer 175,5760||5580,528||329,coach||coach
83328aeaa426023bfdf74714772b68b6,4/16/2022,4/17/2022,ATL,JFK,EAA0OKEN,PT5H21M,0,FALSE,FALSE,FALSE,598.13,666.59,1,762,1650216240||1650229560,2022-04-17T13:24:00.000-04:00||2022-04-17T17:06:00.000-04:00,1650222900||1650235500,2022-04-17T15:15:00.000-04:00||2022-04-17T18:45:00.000-04:00,IAD||JFK,ATL||IAD,United||Delta,UA||DL,Embraer 175 (Enhanced Winglets)||Embraer 175,6660||5940,541||221,coach||coach
34bb71c85bd77485193f5d83c553d783,4/16/2022,4/17/2022,ATL,JFK,EAA0OKEN,PT9H15M,0,FALSE,FALSE,FALSE,598.13,672.19,1,762,1650202200||1650229560,2022-04-17T09:30:00.000-04:00||2022-04-17T17:06:00.000-04:00,1650208860||1650235500,2022-04-17T11:21:00.000-04:00||2022-04-17T18:45:00.000-04:00,IAD||JFK,ATL||IAD,United||Delta,UA||DL,Embraer 175 (Enhanced Winglets)||Embraer 175,6660||5940,541||221,coach||coach
320d01bfb606ec62f4cbb3a01f4e206e,4/16/2022,4/17/2022,ATL,LAX,D01PXP5,PT12H30M,1,FALSE,FALSE,FALSE,195.72,239.6,4,1955,1650245460||1650286800,2022-04-17T21:31:00.000-04:00||2022-04-18T06:00:00.000-07:00,1650262320||1650290460,2022-04-17T23:12:00.000-07:00||2022-04-18T07:01:00.000-07:00,LAS||ONT,ATL||LAS,Frontier Airlines||Frontier Airlines,F9||F9,||,16860||3660,1735||220,coach||coach
117af28f9e41f27e538004b929157e23,4/16/2022,4/17/2022,ATL,LAX,D01PXP5,PT13H12M,1,FALSE,FALSE,FALSE,195.72,244.1,4,1797,1650250740||1650283200||1650293820,2022-04-17T22:59:00.000-04:00||2022-04-18T06:00:00.000-06:00||2022-04-18T07:57:00.000-07:00,1650263220||1650290400||1650298260,2022-04-18T00:27:00.000-06:00||2022-04-18T07:00:00.000-07:00||2022-04-18T09:11:00.000-07:00,DEN||PHX||ONT,ATL||DEN||PHX,Frontier Airlines||Frontier Airlines||Frontier Airlines,F9||F9||F9,||||,12480||7200||4440,1207||590||347,coach||coach||coach
184852ad5f76a2f83f10848eced24103,4/16/2022,4/17/2022,ATL,LAX,KNR,PT4H54M,0,FALSE,FALSE,TRUE,272,328.59,0,,1650245160,2022-04-17T21:26:00.000-04:00,1650262800,2022-04-17T23:20:00.000-07:00,LAX,ATL,Spirit Airlines,NK,AIRBUS INDUSTRIE A320 SHARKLETS,17640,None,coach
28aa3e9cc7e99ac751b90224b153646f,4/16/2022,4/17/2022,ATL,LAX,KNR,PT4H55M,0,FALSE,FALSE,TRUE,272,328.59,0,,1650191700,2022-04-17T06:35:00.000-04:00,1650209400,2022-04-17T08:30:00.000-07:00,LAX,ATL,Spirit Airlines,NK,AIRBUS INDUSTRIE A320 SHARKLETS,17700,None,coach
a84ec15addae2a4f4d13c9d38df50b96,4/16/2022,4/17/2022,ATL,LAX,VAA0AFEN,PT6H31M,0,FALSE,FALSE,FALSE,310.7,357.6,3,2034,1650200400||1650215880,2022-04-17T09:00:00.000-04:00||2022-04-17T11:18:00.000-06:00,1650212460||1650223860,2022-04-17T10:21:00.000-06:00||2022-04-17T12:31:00.000-07:00,DEN||ONT,ATL||DEN,United||United,UA||UA,Airbus A319||Boeing 737-800,12060||7980,1207||827,coach||coach
edf96f6ffdbb1fd1f41cab9db6d1effc,4/16/2022,4/17/2022,ATL,LAX,VAA0AFEN,PT8H7M,0,FALSE,FALSE,FALSE,310.7,357.6,1,2051,1650223860||1650239940,2022-04-17T15:31:00.000-04:00||2022-04-17T18:59:00.000-05:00,1650232620||1650253080,2022-04-17T16:57:00.000-05:00||2022-04-17T20:38:00.000-07:00,IAH||ONT,ATL||IAH,United||United,UA||UA,Embraer 175 (Enhanced Winglets)||Airbus A320,8760||13140,691||1360,coach||coach
52b7a23bf1bae6df3e23a22216e2cc56,4/16/2022,4/17/2022,ATL,LAX,QAA0AFEN,PT8H14M,0,FALSE,FALSE,FALSE,310.7,357.6,1,2055,1650228240||1650249060,2022-04-17T16:44:00.000-04:00||2022-04-17T20:31:00.000-06:00,1650240060||1650257880,2022-04-17T18:01:00.000-06:00||2022-04-17T21:58:00.000-07:00,DEN||LAX,ATL||DEN,United||United,UA||UA,Airbus A320||Boeing 737-800,11820||8820,1207||848,coach||coach
c483f193f1c06b0ba26b83a38300e977,4/16/2022,4/17/2022,ATL,LAX,QAA0AFEN,PT9H23M,0,FALSE,FALSE,FALSE,310.7,357.6,2,2055,1650200400||1650225300,2022-04-17T09:00:00.000-04:00||2022-04-17T13:55:00.000-06:00,1650212460||1650234180,2022-04-17T10:21:00.000-06:00||2022-04-17T15:23:00.000-07:00,DEN||LAX,ATL||DEN,United||United,UA||UA,Airbus A319||Boeing 737-900,12060||8880,1207||848,coach||coach
9fe0df467c8846b0a4760f0078037b04,4/16/2022,4/17/2022,ATL,LAX,VAA0AFEN,PT9H36M,0,FALSE,FALSE,FALSE,310.7,357.6,7,2051,1650218520||1650239940,2022-04-17T14:02:00.000-04:00||2022-04-17T18:59:00.000-05:00,1650227280||1650253080,2022-04-17T15:28:00.000-05:00||2022-04-17T20:38:00.000-07:00,IAH||ONT,ATL||IAH,United||United,UA||UA,Embraer 175 (Enhanced Winglets)||Airbus A320,8760||13140,691||1360,coach||coach
d5366e2db125bdf577a40f3bacc4aad9,4/16/2022,4/17/2022,ATL,LAX,V0AGZNN1,PT8H10M,0,FALSE,FALSE,FALSE,322.79,369.1,1,2349,1650193200||1650202380,2022-04-17T07:00:00.000-04:00||2022-04-17T09:33:00.000-04:00,1650198060||1650222600,2022-04-17T08:21:00.000-04:00||2022-04-17T12:10:00.000-07:00,CLT||LAX,ATL||CLT,American Airlines||American Airlines,AA||AA,Airbus A319||Airbus A321,4860||20220,228||2121,coach||coach
86ee2f7941684989e92a970b9b745157,4/16/2022,4/17/2022,ATL,LAX,V0AGZNN1,PT9H36M,0,FALSE,FALSE,FALSE,322.79,369.1,3,2349,1650193200||1650208200,2022-04-17T07:00:00.000-04:00||2022-04-17T11:10:00.000-04:00,1650198060||1650227760,2022-04-17T08:21:00.000-04:00||2022-04-17T13:36:00.000-07:00,CLT||LAX,ATL||CLT,American Airlines||American Airlines,AA||AA,Airbus A319||Airbus A321,4860||19560,228||2121,coach||coach
e280b36e9c6bc2e71c3dc13df4dafd18,4/16/2022,4/17/2022,ATL,LAX,V0AGZNN1,PT6H50M,0,FALSE,FALSE,FALSE,322.79,370.6,1,1963,1650213060||1650225600,2022-04-17T12:31:00.000-04:00||2022-04-17T15:00:00.000-05:00,1650222000||1650237660,2022-04-17T14:00:00.000-05:00||2022-04-17T16:21:00.000-07:00,DFW||LAX,ATL||DFW,American Airlines||American Airlines,AA||AA,Airbus A321||Airbus A321,8940||12060,725||1238,coach||coach
57a9db8b53d8f2582c7140ebfdb599a4,4/16/2022,4/17/2022,ATL,LAX,V0AIZNN1,PT6H50M,0,FALSE,FALSE,FALSE,322.79,370.6,2,1940,1650234300||1650247320,2022-04-17T18:25:00.000-04:00||2022-04-17T21:02:00.000-05:00,1650243300||1650258900,2022-04-17T19:55:00.000-05:00||2022-04-17T22:15:00.000-07:00,DFW||ONT,ATL||DFW,American Airlines||American Airlines,AA||AA,Airbus A321||Airbus A321,9000||11580,725||1215,coach||coach
8461096f4e8f3d1f225e60f344c4ab97,4/16/2022,4/17/2022,ATL,LAX,V0AIZNN1,PT6H57M,0,FALSE,FALSE,FALSE,322.79,370.6,7,1940,1650197100||1650210300,2022-04-17T08:05:00.000-04:00||2022-04-17T10:45:00.000-05:00,1650206400||1650222120,2022-04-17T09:40:00.000-05:00||2022-04-17T12:02:00.000-07:00,DFW||ONT,ATL||DFW,American Airlines||American Airlines,AA||AA,Airbus A321||Airbus A321,9300||11820,725||1215,coach||coach
f81c28437e29f62870a612c6a1a1bb05,4/16/2022,4/17/2022,ATL,LAX,V0AIZNN1,PT7H,0,FALSE,FALSE,FALSE,322.79,370.6,6,1931,1650194340||1650214800,2022-04-17T07:19:00.000-04:00||2022-04-17T10:00:00.000-07:00,1650209760||1650219540,2022-04-17T08:36:00.000-07:00||2022-04-17T11:19:00.000-07:00,PHX||ONT,ATL||PHX,American Airlines||American Airlines,AA||AA,Airbus A321||Airbus A319,15420||4740,1584||347,coach||coach
dba3f0829d2ce5c608558811ba871bd5,4/16/2022,4/17/2022,ATL,LAX,V0AIZNN1,PT7H2M,0,FALSE,FALSE,FALSE,322.79,370.6,7,1940,1650189900||1650203700,2022-04-17T06:05:00.000-04:00||2022-04-17T08:55:00.000-05:00,1650198480||1650215220,2022-04-17T07:28:00.000-05:00||2022-04-17T10:07:00.000-07:00,DFW||ONT,ATL||DFW,American Airlines||American Airlines,AA||AA,Airbus A321||Airbus A321,8580||11520,725||1215,coach||coach
7147877625c48c0820f403818a5234bd,4/16/2022,4/17/2022,ATL,LAX,V0AIZNN1,PT7H31M,0,FALSE,FALSE,FALSE,322.79,370.6,6,1931,1650207780||1650230100,2022-04-17T11:03:00.000-04:00||2022-04-17T14:15:00.000-07:00,1650222840||1650234840,2022-04-17T12:14:00.000-07:00||2022-04-17T15:34:00.000-07:00,PHX||ONT,ATL||PHX,American Airlines||American Airlines,AA||AA,Airbus A321||Canadair Regional Jet 900,15060||4740,1584||347,coach||coach
69ac34ae4fba0d19bb69fda00e1545a4,4/16/2022,4/17/2022,ATL,LAX,V0AGZNN1,PT7H35M,0,FALSE,FALSE,FALSE,322.79,370.6,4,1963,1650189900||1650205140,2022-04-17T06:05:00.000-04:00||2022-04-17T09:19:00.000-05:00,1650198480||1650217200,2022-04-17T07:28:00.000-05:00||2022-04-17T10:40:00.000-07:00,DFW||LAX,ATL||DFW,American Airlines||American Airlines,AA||AA,Airbus A321||,8580||12060,725||1238,coach||coach
691ae27539fcaab7ea209c67d36a6bdb,4/16/2022,4/17/2022,ATL,LAX,V0AGZNN1,PT7H47M,0,FALSE,FALSE,FALSE,322.79,370.6,4,1954,1650207780||1650230700,2022-04-17T11:03:00.000-04:00||2022-04-17T14:25:00.000-07:00,1650222840||1650235800,2022-04-17T12:14:00.000-07:00||2022-04-17T15:50:00.000-07:00,PHX||LAX,ATL||PHX,American Airlines||American Airlines,AA||AA,Airbus A321||Airbus A320,15060||5100,1584||370,coach||coach
84b5f347b309096450324399262f0f67,4/16/2022,4/17/2022,ATL,LAX,V0AGZNN1,PT7H49M,0,FALSE,FALSE,FALSE,322.79,370.6,4,1963,1650213060||1650229200,2022-04-17T12:31:00.000-04:00||2022-04-17T16:00:00.000-05:00,1650222000||1650241200,2022-04-17T14:00:00.000-05:00||2022-04-17T17:20:00.000-07:00,DFW||LAX,ATL||DFW,American Airlines||American Airlines,AA||AA,Airbus A321||Airbus A321,8940||12000,725||1238,coach||coach
3ffcd94d7c3c6db773e1a40659e23506,4/16/2022,4/17/2022,ATL,LAX,V0AGZNN1,PT7H51M,0,FALSE,FALSE,FALSE,322.79,370.6,7,2345,1650232800||1650244800,2022-04-17T18:00:00.000-04:00||2022-04-17T20:20:00.000-05:00,1650240660||1650261060,2022-04-17T19:11:00.000-05:00||2022-04-17T22:51:00.000-07:00,ORD||LAX,ATL||ORD,American Airlines||American Airlines,AA||AA,Embraer 175||Boeing 737-800,7860||16260,600||1745,coach||coach
b804881ea0a8f5aef5508e531fab6689,4/16/2022,4/17/2022,ATL,LAX,V0AGZNN1,PT8H8M,0,FALSE,FALSE,FALSE,322.79,370.6,7,2345,1650220740||1650234000,2022-04-17T14:39:00.000-04:00||2022-04-17T17:20:00.000-05:00,1650228840||1650250020,2022-04-17T15:54:00.000-05:00||2022-04-17T19:47:00.000-07:00,ORD||LAX,ATL||ORD,American Airlines||American Airlines,AA||AA,Embraer 175||Boeing 737-800,8100||16020,600||1745,coach||coach
8457fa320eba96f3078a441b63726f58,4/16/2022,4/17/2022,ATL,LAX,V0AIZNN1,PT8H57M,0,FALSE,FALSE,FALSE,322.79,370.6,7,1940,1650189900||1650210300,2022-04-17T06:05:00.000-04:00||2022-04-17T10:45:00.000-05:00,1650198480||1650222120,2022-04-17T07:28:00.000-05:00||2022-04-17T12:02:00.000-07:00,DFW||ONT,ATL||DFW,American Airlines||American Airlines,AA||AA,Airbus A321||Airbus A321,8580||11820,725||1215,coach||coach
226435908c6ee804f979acb0be960a1e,4/16/2022,4/17/2022,ATL,LAX,V0AGZNN1,PT9H19M,0,FALSE,FALSE,FALSE,322.79,370.6,7,2345,1650220740||1650238320,2022-04-17T14:39:00.000-04:00||2022-04-17T18:32:00.000-05:00,1650228840||1650254280,2022-04-17T15:54:00.000-05:00||2022-04-17T20:58:00.000-07:00,ORD||LAX,ATL||ORD,American Airlines||American Airlines,AA||AA,Embraer 175||Boeing 737-800,8100||15960,600||1745,coach||coach
6081f9cedd3a6c892100ccc6548133eb,4/16/2022,4/17/2022,ATL,LAX,KNR,PT8H21M,1,FALSE,FALSE,FALSE,272,379.58,0,,1650238920||1650251100,2022-04-17T19:42:00.000-04:00||2022-04-17T23:05:00.000-04:00,1650245940||1650268980,2022-04-17T21:39:00.000-04:00||2022-04-18T01:03:00.000-07:00,DTW||LAX,ATL||DTW,Spirit Airlines||Spirit Airlines,NK||NK,AIRBUS INDUSTRIE A321 SHARKLETS||Airbus A319,7020||17880,None||None,coach||coach
c5352244cf5807ccc088318f4172c5a8,4/16/2022,4/17/2022,ATL,LAX,HAA0OFEN,PT6H52M,0,FALSE,FALSE,FALSE,395.35,448.6,3,2055,1650200400||1650216300,2022-04-17T09:00:00.000-04:00||2022-04-17T11:25:00.000-06:00,1650212460||1650225120,2022-04-17T10:21:00.000-06:00||2022-04-17T12:52:00.000-07:00,DEN||LAX,ATL||DEN,United||United,UA||UA,Airbus A319||Boeing 737 MAX 9,12060||8820,1207||848,coach||coach
8b45f7eec07c0082996b5f56f10c75b2,4/16/2022,4/17/2022,ATL,LAX,LA0NX0MC,PT14H35M,1,FALSE,FALSE,FALSE,400.93,460.2,5,2610,1650249900||1650282120,2022-04-17T22:45:00.000-04:00||2022-04-18T07:42:00.000-04:00,1650255120||1650302400,2022-04-18T00:12:00.000-04:00||2022-04-18T10:20:00.000-07:00,MCO||LAX,ATL||MCO,Delta||Delta,DL||DL,||Boeing 737-900,5220||20280,399||2211,coach||coach
d582dcb95026cae8ebe28925a02c1734,4/16/2022,4/17/2022,ATL,LAX,HA0QA0MQ,PT4H43M,0,FALSE,FALSE,TRUE,450.23,498.6,9,1919,1650234120,2022-04-17T18:22:00.000-04:00,1650251100,2022-04-17T20:05:00.000-07:00,ONT,ATL,Delta,DL,Airbus A321,16980,1919,coach
14b11956eea40b97556975441f2e47b0,4/16/2022,4/17/2022,ATL,LAX,HA0QA0MQ,PT4H43M,0,FALSE,FALSE,TRUE,450.23,498.6,9,1919,1650244320,2022-04-17T21:12:00.000-04:00,1650261300,2022-04-17T22:55:00.000-07:00,ONT,ATL,Delta,DL,Airbus A321,16980,1919,coach
423b15a2e33be0b1c971c4eadc7eb979,4/16/2022,4/17/2022,ATL,LAX,HA0QA0MQ,PT4H51M,0,FALSE,FALSE,TRUE,450.23,498.6,9,1919,1650203820,2022-04-17T09:57:00.000-04:00,1650221280,2022-04-17T11:48:00.000-07:00,ONT,ATL,Delta,DL,Airbus A321,17460,1919,coach
52a5e659fcdefdac1fb494b214623227,4/16/2022,4/17/2022,ATL,LAX,KA0NX0MQ,PT12H59M,1,FALSE,FALSE,FALSE,437.21,499.2,1,2074,1650249960||1650283200,2022-04-17T22:46:00.000-04:00||2022-04-18T07:00:00.000-05:00,1650257940||1650296700,2022-04-17T23:59:00.000-05:00||2022-04-18T08:45:00.000-07:00,IAH||LAX,ATL||IAH,Delta||Delta,DL||DL,Airbus A320||,7980||13500,691||1383,coach||coach
21b01ab7ff7646133c24a8b82542c671,4/16/2022,4/17/2022,ATL,LAX,HA0QA0MQ,PT7H5M,0,FALSE,FALSE,FALSE,450.23,507.6,9,2161,1650197400||1650216600,2022-04-17T08:10:00.000-04:00||2022-04-17T11:30:00.000-06:00,1650212400||1650222900,2022-04-17T10:20:00.000-06:00||2022-04-17T12:15:00.000-07:00,SLC||ONT,ATL||SLC,Delta||Delta,DL||DL,Airbus A330-200||Boeing 737-800,15000||6300,1587||574,coach||coach
baf6404242b09b9b422a4f92eb0e3d73,4/16/2022,4/17/2022,ATL,LAX,HA0QA0MQ,PT7H6M,0,FALSE,FALSE,FALSE,450.23,507.6,9,2161,1650238560||1650257940,2022-04-17T19:36:00.000-04:00||2022-04-17T22:59:00.000-06:00,1650253440||1650264120,2022-04-17T21:44:00.000-06:00||2022-04-17T23:42:00.000-07:00,SLC||ONT,ATL||SLC,Delta||Delta,DL||DL,Boeing 757||Boeing 737-800,14880||6180,1587||574,coach||coach
a4ffd2f6c0cd224be3cf1a665cec5293,4/16/2022,4/17/2022,ATL,LAX,HA0QA0MQ,PT9H,0,FALSE,FALSE,FALSE,450.23,507.6,9,2161,1650231720||1650257940,2022-04-17T17:42:00.000-04:00||2022-04-17T22:59:00.000-06:00,1650246600||1650264120,2022-04-17T19:50:00.000-06:00||2022-04-17T23:42:00.000-07:00,SLC||ONT,ATL||SLC,Delta||Delta,DL||DL,Airbus A321||Boeing 737-800,14880||6180,1587||574,coach||coach
adab0b34b31181896f72ab87db90128b,4/16/2022,4/17/2022,ATL,LAX,KA0QA0MQ,PT9H2M,0,FALSE,FALSE,FALSE,453.95,511.6,3,2610,1650197400||1650209700,2022-04-17T08:10:00.000-04:00||2022-04-17T11:35:00.000-04:00,1650202680||1650229920,2022-04-17T09:38:00.000-04:00||2022-04-17T14:12:00.000-07:00,MCO||LAX,ATL||MCO,Delta||Delta,DL||DL,Boeing 757-300||Boeing 737-900,5280||20220,399||2211,coach||coach
99442984d5ed143e9c87bf38fabfb02e,4/16/2022,4/17/2022,ATL,LAX,UAA0OFEN,PT6H58M,0,FALSE,FALSE,FALSE,469.77,528.6,2,2055,1650228240||1650244320,2022-04-17T16:44:00.000-04:00||2022-04-17T19:12:00.000-06:00,1650240060||1650253320,2022-04-17T18:01:00.000-06:00||2022-04-17T20:42:00.000-07:00,DEN||LAX,ATL||DEN,United||United,UA||UA,Airbus A320||Boeing 737-800,11820||9000,1207||848,coach||coach
79acfad6b82f792bacb8f1bdf4ff9d89,4/16/2022,4/17/2022,ATL,LAX,K0XSNR,PT12H22M,0,FALSE,FALSE,FALSE,422,529.58,0,,1650193800||1650225540,2022-04-17T07:10:00.000-04:00||2022-04-17T14:59:00.000-05:00,1650202380||1650238320,2022-04-17T08:33:00.000-05:00||2022-04-17T16:32:00.000-07:00,IAH||LAX,ATL||IAH,Spirit Airlines||Spirit Airlines,NK||NK,AIRBUS INDUSTRIE A320 SHARKLETS||Airbus A319,8580||12780,None||None,coach||coach
56c58eed62ce944d8ed2e37b81f59552,4/16/2022,4/17/2022,ATL,LAX,KA0QA0MQ,PT8H45M,0,FALSE,FALSE,FALSE,472.55,531.59,1,2610,1650225600||1650237000,2022-04-17T16:00:00.000-04:00||2022-04-17T19:10:00.000-04:00,1650230940||1650257100,2022-04-17T17:29:00.000-04:00||2022-04-17T21:45:00.000-07:00,MCO||LAX,ATL||MCO,Delta||Delta,DL||DL,||Boeing 737-900,5340||20100,399||2211,coach||coach
5ae839f991914366b1dd6421defd9fc0,4/16/2022,4/17/2022,ATL,LAX,KA0NA0MC,PT7H34M,0,FALSE,FALSE,FALSE,494.88,555.6,5,2047,1650226800||1650241500,2022-04-17T16:20:00.000-04:00||2022-04-17T19:25:00.000-05:00,1650235680||1650254040,2022-04-17T17:48:00.000-05:00||2022-04-17T20:54:00.000-07:00,AUS||LAX,ATL||AUS,Delta||Delta,DL||DL,Airbus A321||Airbus A320,8880||12540,811||1236,coach||coach
548688048483b3ff9bc62333880da451,4/16/2022,4/17/2022,ATL,LAX,KA0NA0MC,PT11H52M,1,FALSE,FALSE,FALSE,494.88,561.2,4,2047,1650250740||1650280800,2022-04-17T22:59:00.000-04:00||2022-04-18T06:20:00.000-05:00,1650259560||1650293460,2022-04-18T00:26:00.000-05:00||2022-04-18T07:51:00.000-07:00,AUS||LAX,ATL||AUS,Delta||Delta,DL||DL,Airbus A321||Airbus A320,8820||12660,811||1236,coach||coach
81d899da319d793fb123515410d779a7,4/16/2022,4/17/2022,ATL,LAX,HA0OX0MC,PT8H40M,0,FALSE,FALSE,FALSE,502.33,563.61,3,2610,1650212700||1650223800,2022-04-17T12:25:00.000-04:00||2022-04-17T15:30:00.000-04:00,1650218040||1650243900,2022-04-17T13:54:00.000-04:00||2022-04-17T18:05:00.000-07:00,MCO||LAX,ATL||MCO,Delta||Delta,DL||DL,Boeing 757||Boeing 737-900,5340||20100,399||2211,coach||coach
489a18de2432feec8d6903078de2ac02,4/16/2022,4/17/2022,ATL,LAX,YNR,PT7H49M,0,FALSE,FALSE,FALSE,462,569.58,0,,1650234060||1650247500,2022-04-17T18:21:00.000-04:00||2022-04-17T21:05:00.000-05:00,1650243900||1650262200,2022-04-17T20:05:00.000-05:00||2022-04-17T23:10:00.000-07:00,MSP||LAX,ATL||MSP,Spirit Airlines||Spirit Airlines,NK||NK,||,9840||14700,None||None,coach||coach
ea0179e9d6863795dda05f6a8aec208e,4/16/2022,4/17/2022,ATL,LAX,LA0NA0MC,PT11H12M,1,FALSE,FALSE,FALSE,515.35,583.2,5,2082,1650251280||1650279720,2022-04-17T23:08:00.000-04:00||2022-04-18T06:02:00.000-05:00,1650260280||1650291600,2022-04-18T00:38:00.000-05:00||2022-04-18T07:20:00.000-07:00,SAT||LAX,ATL||SAT,Delta||Delta,DL||DL,Airbus A320||,9000||11880,873||1209,coach||coach
15f0924be70de19de529808d6ae376af,4/16/2022,4/17/2022,ATL,LAX,K0AHZNN1,PT4H51M,0,FALSE,FALSE,TRUE,543.26,598.61,7,1943,1650232080,2022-04-17T17:48:00.000-04:00,1650249540,2022-04-17T19:39:00.000-07:00,LAX,ATL,Alaska Airlines,AS,Airbus A321,17460,1943,coach
5113df70efe4b5f2dcfaedce904951b1,4/16/2022,4/17/2022,ATL,LAX,K0AHZNN1,PT4H51M,0,FALSE,FALSE,TRUE,543.26,598.61,7,1943,1650232080,2022-04-17T17:48:00.000-04:00,1650249540,2022-04-17T19:39:00.000-07:00,LAX,ATL,American Airlines,AA,Airbus A321,17460,1943,coach
4685c8c4f19c0905757edef6d52ee363,4/16/2022,4/17/2022,ATL,LAX,MA0QA0MQ,PT4H56M,0,FALSE,FALSE,TRUE,543.26,598.61,9,1943,1650194940,2022-04-17T07:29:00.000-04:00,1650212700,2022-04-17T09:25:00.000-07:00,LAX,ATL,Delta,DL,Airbus A321,17760,1943,coach
d2ad2b361d87c879b3f750b369719091,4/16/2022,4/17/2022,ATL,LAX,MA0QA0MQ,PT4H56M,0,FALSE,FALSE,TRUE,543.26,598.61,9,1943,1650224760,2022-04-17T15:46:00.000-04:00,1650242520,2022-04-17T17:42:00.000-07:00,LAX,ATL,Delta,DL,Airbus A321,17760,1943,coach
e6278bce74222cf9b3a83e82e57bd4f2,4/16/2022,4/17/2022,ATL,LAX,MA0QA0MQ,PT4H57M,0,FALSE,FALSE,TRUE,543.26,598.61,9,1943,1650219780,2022-04-17T14:23:00.000-04:00,1650237600,2022-04-17T16:20:00.000-07:00,LAX,ATL,Delta,DL,Airbus A321,17820,1943,coach
bac64994e0671a06402af70aa420bfb5,4/16/2022,4/17/2022,ATL,LAX,MA0QA0MQ,PT4H57M,0,FALSE,FALSE,TRUE,543.26,598.61,9,1943,1650241140,2022-04-17T20:19:00.000-04:00,1650258960,2022-04-17T22:16:00.000-07:00,LAX,ATL,Delta,DL,Boeing 757-200,17820,1943,coach
5acd2ad9bbc5dfcdbfb2d70920c45a55,4/16/2022,4/17/2022,ATL,LAX,MA0QA0MQ,PT4H57M,0,FALSE,FALSE,TRUE,543.26,598.61,7,1943,1650210780,2022-04-17T11:53:00.000-04:00,1650228600,2022-04-17T13:50:00.000-07:00,LAX,ATL,Delta,DL,Airbus A321,17820,1943,coach
d2d11a1605f442b108835a17ceebb6a8,4/16/2022,4/17/2022,ATL,LAX,MA0QA0MQ,PT4H58M,0,FALSE,FALSE,TRUE,543.26,598.61,2,1943,1650245520,2022-04-17T21:32:00.000-04:00,1650263400,2022-04-17T23:30:00.000-07:00,LAX,ATL,Delta,DL,Airbus A321,17880,1943,coach
d97157a238636f43ddcdaa43500bfa34,4/16/2022,4/17/2022,ATL,LAX,MA0QA0MQ,PT4H58M,0,FALSE,FALSE,TRUE,543.26,598.61,9,1943,1650199920,2022-04-17T08:52:00.000-04:00,1650217800,2022-04-17T10:50:00.000-07:00,LAX,ATL,Delta,DL,Airbus A321,17880,1943,coach
d651469b82d6e5ce1002d696a653b023,4/16/2022,4/17/2022,ATL,LAX,MA0QA0MQ,PT5H,1,FALSE,FALSE,TRUE,543.26,598.61,9,1943,1650249600,2022-04-17T22:40:00.000-04:00,1650267600,2022-04-18T00:40:00.000-07:00,LAX,ATL,Delta,DL,Airbus A321,18000,1943,coach
2651f1d1b061d8449f9f84a1a3a5e013,4/16/2022,4/17/2022,ATL,LAX,MA0QA0MQ,PT5H,0,FALSE,FALSE,TRUE,543.26,598.61,9,1943,1650203820,2022-04-17T09:57:00.000-04:00,1650221820,2022-04-17T11:57:00.000-07:00,LAX,ATL,Delta,DL,Boeing 757-300,18000,1943,coach
077d0c41713c227f5eb80227e31014d9,4/16/2022,4/17/2022,ATL,LAX,MA0QA0MQ,PT5H,0,FALSE,FALSE,TRUE,543.26,598.61,7,1943,1650237000,2022-04-17T19:10:00.000-04:00,1650255000,2022-04-17T21:10:00.000-07:00,LAX,ATL,Delta,DL,Airbus A321,18000,1943,coach
74d9557eb6647d4fa6327c71e43342e0,4/16/2022,4/17/2022,ATL,LAX,MA0QA0MQ,PT5H2M,0,FALSE,FALSE,TRUE,543.26,598.61,5,1943,1650231780,2022-04-17T17:43:00.000-04:00,1650249900,2022-04-17T19:45:00.000-07:00,LAX,ATL,Delta,DL,Airbus A321,18120,1943,coach
50d060da3af01b783a3929639be0e0a6,4/16/2022,4/17/2022,ATL,LAX,YNR,PT22H20M,1,FALSE,FALSE,FALSE,462,616.07,0,,1650218040||1650244800||1650280500,2022-04-17T13:54:00.000-04:00||2022-04-17T21:20:00.000-04:00||2022-04-18T07:15:00.000-04:00,1650224700||1650255480||1650298440,2022-04-17T15:45:00.000-04:00||2022-04-18T00:18:00.000-04:00||2022-04-18T09:14:00.000-07:00,FLL||DTW||LAX,ATL||FLL||DTW,Spirit Airlines||Spirit Airlines||Spirit Airlines,NK||NK||NK,||||Airbus A319,6660||10680||17940,None||None||None,coach||coach||coach
fc60d0c056a25eda88c940f470d061aa,4/16/2022,4/17/2022,ATL,LAX,MA0QA0MQ,PT13H3M,1,FALSE,FALSE,FALSE,645.58,723.2,6,2474,1650244740||1650286800,2022-04-17T21:19:00.000-04:00||2022-04-18T06:00:00.000-07:00,1650264000||1650291720,2022-04-17T23:40:00.000-07:00||2022-04-18T07:22:00.000-07:00,SFO||LAX,ATL||SFO,Delta||Delta,DL||DL,||Embraer 175 (Enhanced Winglets),19260||4920,2135||339,coach||coach
b80b77e187410e7e5a9e0a4c6fec67e0,4/16/2022,4/17/2022,ATL,LAX,HA0QA0MQ,PT7H10M,0,FALSE,FALSE,FALSE,665.11,738.59,3,1990,1650203400||1650222900,2022-04-17T09:50:00.000-04:00||2022-04-17T12:15:00.000-07:00,1650217500||1650229200,2022-04-17T10:45:00.000-07:00||2022-04-17T14:00:00.000-07:00,TUS||LAX,ATL||TUS,Delta||Delta,DL||DL,Airbus A321||Embraer 175 (Enhanced Winglets),14100||6300,1539||451,coach||coach
d4a59c325b434cb0ad7449b2ebf4e95a,4/16/2022,4/17/2022,ATL,LAX,HA0QA0MQ,PT8H52M,0,FALSE,FALSE,FALSE,665.11,738.59,5,1990,1650216360||1650241740,2022-04-17T13:26:00.000-04:00||2022-04-17T17:29:00.000-07:00,1650230400||1650248280,2022-04-17T14:20:00.000-07:00||2022-04-17T19:18:00.000-07:00,TUS||LAX,ATL||TUS,Delta||Delta,DL||DL,Airbus A321||Embraer 175 (Enhanced Winglets),14040||6540,1539||451,coach||coach
4c3bdb4922188b3f7f9129138f022349,4/16/2022,4/17/2022,ATL,LAX,HA0QA0MQ,PT7H25M,0,FALSE,FALSE,FALSE,714.42,791.6,6,2177,1650197400||1650216840,2022-04-17T08:10:00.000-04:00||2022-04-17T11:34:00.000-06:00,1650212400||1650224100,2022-04-17T10:20:00.000-06:00||2022-04-17T12:35:00.000-07:00,SLC||LAX,ATL||SLC,Delta||Delta,DL||DL,Airbus A330-200||Boeing 737-900,15000||7260,1587||590,coach||coach
959ecc9b204d074f52322372343b0bd3,4/16/2022,4/17/2022,ATL,LAX,MA0QA0MQ,PT7H35M,0,FALSE,FALSE,FALSE,760.93,841.6,9,2442,1650194100||1650207300,2022-04-17T07:15:00.000-04:00||2022-04-17T09:55:00.000-05:00,1650203700||1650221400,2022-04-17T08:55:00.000-05:00||2022-04-17T11:50:00.000-07:00,MSP||LAX,ATL||MSP,Delta||Delta,DL||DL,Airbus A321||Airbus A321,9600||14100,908||1534,coach||coach
ce4585926ead7adb7d89d1d277713f23,4/16/2022,4/17/2022,ATL,LAX,MA0QA0MQ,PT9H,0,FALSE,FALSE,FALSE,760.93,841.6,8,2442,1650194100||1650212340,2022-04-17T07:15:00.000-04:00||2022-04-17T11:19:00.000-05:00,1650203700||1650226500,2022-04-17T08:55:00.000-05:00||2022-04-17T13:15:00.000-07:00,MSP||LAX,ATL||MSP,Delta||Delta,DL||DL,Airbus A321||Airbus A321,9600||14160,908||1534,coach||coach
d9df890c7d217b38d54429774241378c,4/16/2022,4/17/2022,ATL,LAX,MA0QA0MQ,PT7H57M,0,FALSE,FALSE,FALSE,853.95,941.6,7,2442,1650204720||1650219180,2022-04-17T10:12:00.000-04:00||2022-04-17T13:13:00.000-05:00,1650214440||1650233340,2022-04-17T11:54:00.000-05:00||2022-04-17T15:09:00.000-07:00,MSP||LAX,ATL||MSP,Delta||Delta,DL||DL,Airbus A321||Boeing 757,9720||14160,908||1534,coach||coach
1e2b6477d79a317a10e2f49f307d2e3a,4/16/2022,4/17/2022,ATL,LAX,MA0QA0MQ,PT12H48M,0,FALSE,FALSE,FALSE,853.95,947.2,9,2442,1650204720||1650236520,2022-04-17T10:12:00.000-04:00||2022-04-17T18:02:00.000-05:00,1650214440||1650250800,2022-04-17T11:54:00.000-05:00||2022-04-17T20:00:00.000-07:00,MSP||LAX,ATL||MSP,Delta||Delta,DL||DL,Airbus A321||Boeing 757-200,9720||14280,908||1534,coach||coach
b0685de17968614766033c58145b7563,4/16/2022,4/17/2022,ATL,LAX,MA0QA0MQ,PT14H10M,1,FALSE,FALSE,FALSE,853.95,947.2,9,2442,1650249600||1650286380,2022-04-17T22:40:00.000-04:00||2022-04-18T07:53:00.000-05:00,1650259020||1650300600,2022-04-18T00:17:00.000-05:00||2022-04-18T09:50:00.000-07:00,MSP||LAX,ATL||MSP,Delta||Delta,DL||DL,Airbus A321||Boeing 737-900,9420||14220,908||1534,coach||coach
278c247fdadaad11fa5d2c99a50fc3f0,4/16/2022,4/17/2022,ATL,LGA,U00PXS2,PT2H9M,0,FALSE,FALSE,TRUE,166.87,193.99,4,762,1650196260,2022-04-17T07:51:00.000-04:00,1650204000,2022-04-17T10:00:00.000-04:00,LGA,ATL,Frontier Airlines,F9,,7740,762,coach
e66e999b88c18d9bfe059e3fcfdbe000,4/16/2022,4/17/2022,ATL,LGA,LA0SX0MC,PT2H10M,0,FALSE,FALSE,TRUE,171.16,198.6,9,762,1650201240,2022-04-17T09:14:00.000-04:00,1650209040,2022-04-17T11:24:00.000-04:00,LGA,ATL,Delta,DL,Airbus A320,7800,762,coach
